"","variable","Mean","SEM"
"1","Symbiodinium",0.00434159038589369,0.000424994636138888
"2","Breviolum",0.0059282343085174,0.00520965356950552
"3","Cladocopium",0.0367735836280004,0.00765295644660649
"4","Durusdinium",0.952956591677589,0.00951795980902676
