"","variable","Mean"
"1","Symbiodinium",0.00434159038589369
"2","Breviolum",0.0059282343085174
"3","Cladocopium",0.0367735836280004
"4","Durusdinium",0.952956591677589
