"","variable","Mean","SEM"
"1","Symbiodinium",0.0339421374707735,0.0023660124466576
"2","Breviolum",0.0146111090746073,0.00407364021672615
"3","Cladocopium",0.0593501697138644,0.00492716812443864
"4","Durusdinium",0.892096583740755,0.00809009770388117
