"","variable","Mean"
"1","Symbiodinium",0.0339421374707735
"2","Breviolum",0.0146111090746073
"3","Cladocopium",0.0593501697138644
"4","Durusdinium",0.892096583740755
