"","variable","Mean"
"1","Symbiodinium",0.0643649219746776
"2","Breviolum",0.023535174806422
"3","Cladocopium",0.0825538831910024
"4","Durusdinium",0.829546020027898
