"","variable","Mean","SEM"
"1","Symbiodinium",0.0643649219746776,0.00356246947007637
"2","Breviolum",0.023535174806422,0.00623511590419405
"3","Cladocopium",0.0825538831910024,0.00568297915394894
"4","Durusdinium",0.829546020027898,0.0114476865681669
